Workbook

Sheet Oroginal Data Set
A1: Product ID | B1: Product Name | C1: Brand Name | D1: Price ($) | E1: Quantity | F1: Category
A2: 28-JAN-US | B2: laptop | C2: Dell | D2: 1000 | E2: 30 | F2: Electronics
A3: 15-FEB-US | B3: Sneakers | C3: Nike | D3: 80 | E3: 15 | F3: Fashion
A4: 03-MAR-US | B4: Coffee Maker | C4: Keurig | D4: 130 | E4: 40 | F4: Kitchen
A5: 11-APR-US | B5: smartphone | C5: Samsung | D5: 900 | E5: 25 | F5: Electronics
A6: 22-MAY-US | B6: Backpack | C6: North Face | D6: 70 | E6: 20
A7: 07-JUN-UK | B7: Headphones | C7: Sony | E7: 45 | F7: Electroni
A8: 19-JUL-UK | B8: T-shirt | C8: Adidas | D8: 30 | E8: 5 | F8: Fashion
A9: 23-AUG-UK | B9: Blender | C9: Ninja | D9: 90 | E9: 35 | F9: Kitchen
A10: 05-SEP-UK | B10: Tablet | C10: Apple | D10: 500 | E10: 50 | F10: Electronics
A11: 14-OCT-UK | B11: Hiking Boots | C11: Timberland | D11: 130 | E11: 10 | F11: Outdoor
A12: 17-JUN-IN | B12: Laptop | C12: HP | D12: 950 | E12: 25 | F12: Electronics
A13: 25-NOV-AU | B13: Sneakers | C13: Adidas | D13: 90 | E13: 40
A14: 08-DEC-DE | B14: Coffee Maker | C14: Nespresso | D14: 120 | E14: 35
A15: 18-FEB-CA | B15: Smartwatch | C15: Fitbit | D15: 150 | E15: 15 | F15: Electroni
A16: 16-APR-ES | B16: headphones | C16: Bose | D16: 250 | E16: 20 | F16: Electroni
A17: 21-AUG-CA | B17: Laptop Bag | C17: Samsonite | D17: 50 | E17: 35 | F17: Accessories
A18: 20-AUG-CN | B18: Smartwatch | C18: Huawei | D18: 160 | E18: 15 | F18: Electroni
A19: 27-JAN-IT | B19: laptop | C19: Asus | D19: 980 | E19: 10 | F19: Electronics
A20: 01-MAR-UK | B20: Sunglasses | C20: Oakley | D20: 150 | E20: 15 | F20: Fashion
A21: 14-AUG-US | B21: Camping Tent | C21: Coleman | E21: 10 | F21: Outdoor
A22: 14-MAY-RU | B22: Camera | C22: Nikon | D22: 700 | E22: 50 | F22: Electronics
A23: 09-JAN-CA | B23: Microwave | C23: Panasonic | D23: 80 | E23: 20 | F23: Kitchen
A24: 19-JUL-BR | B24: Fitness Tracker | C24: Xiaomi | D24: 150 | E24: 30
A25: 21-AUG-CA | B25: Laptop Bag | C25: Samsonite | D25: 50 | E25: 35 | F25: Accessories
A26: 29-SEP-CA | B26: Smartphone | C26: Google | D26: 800 | E26: 45 | F26: Electronics
A27: 03-JUN-CA | B27: Sunglasses | C27: Ray-Ban | E27: 25 | F27: Fashion
A28: 11-JUL-CA | B28: Blender | C28: Vitamix | D28: 400 | E28: 40 | F28: Kitchen
A29: 16-APR-ES | B29: headphones | C29: Bose | D29: 250 | E29: 20 | F29: Electroni
A30: 07-MAR-CA | B30: Dress | C30: Zara | D30: 60 | E30: 30 | F30: Fashion
A31: 13-APR-CA | B31: Toaster | C31: Hamilton | D31: 40 | E31: 10 | F31: Kitchen
A32: 24-MAY-CA | B32: Fitness Tracker | C32: Garmin | D32: 130 | E32: 5 | F32: Electronics
A33: 02-DEC-CA | B33: Jeans | C33: Levi's | D33: 50 | E33: 50 | F33: Fashion
A34: 17-JUN-IN | B34: Laptop | C34: HP | D34: 950 | E34: 25 | F34: Electronics
A35: 09-JUL-FR | B35: Watch | C35: Casio | D35: 100 | E35: 20 | F35: Accessories

Sheet Answer Sheet
A1: Product ID | B1: Product Name | C1: Brand Name | D1: Price ($) | E1: Quantity | F1: Category | H1: Product Name | I1: Brand Name | K1: Product ID
A2: 28-JAN-US | B2: laptop | C2: Dell | D2: =IF(ISBLANK('Oroginal Data Set'!D2),AVERAGE('Oroginal Data Set'!$D$2:$D$35),'Oroginal Data Set'!D2) -> 1000 | E2: 30 | F2: =IF(ISBLANK('Oroginal Data Set'!F2),"UNKNOWN",'Oroginal Data Set'!F2) -> Electronics | H2: Product Brand | K2: Manufacturing Date | L2: Country Date
A3: 15-FEB-US | B3: Sneakers | C3: Nike | D3: =IF(ISBLANK('Oroginal Data Set'!D3),AVERAGE('Oroginal Data Set'!$D$2:$D$35),'Oroginal Data Set'!D3) -> 80 | E3: 15 | F3: =IF(ISBLANK('Oroginal Data Set'!F3),"UNKNOWN",'Oroginal Data Set'!F3) -> Fashion | H3: =B2& " "&C2 -> laptop Dell | K3: =DATE(2026,1,LEFT(A2,2)) -> 46050 | L3: =_xlfn.TEXTAFTER(A2,"-",-1) -> US
A4: 03-MAR-US | B4: Coffee Maker | C4: Keurig | D4: =IF(ISBLANK('Oroginal Data Set'!D4),AVERAGE('Oroginal Data Set'!$D$2:$D$35),'Oroginal Data Set'!D4) -> 130 | E4: 40 | F4: =IF(ISBLANK('Oroginal Data Set'!F4),"UNKNOWN",'Oroginal Data Set'!F4) -> Kitchen | H4: =B3& " "&C3 -> Sneakers Nike | K4: =DATE(2026,1,LEFT(A3,2)) -> 46037 | L4: =_xlfn.TEXTAFTER(A3,"-",-1) -> US
A5: 11-APR-US | B5: smartphone | C5: Samsung | D5: =IF(ISBLANK('Oroginal Data Set'!D5),AVERAGE('Oroginal Data Set'!$D$2:$D$35),'Oroginal Data Set'!D5) -> 900 | E5: 25 | F5: =IF(ISBLANK('Oroginal Data Set'!F5),"UNKNOWN",'Oroginal Data Set'!F5) -> Electronics | H5: =B4& " "&C4 -> Coffee Maker Keurig | K5: =DATE(2026,1,LEFT(A4,2)) -> 46025 | L5: =_xlfn.TEXTAFTER(A4,"-",-1) -> US
A6: 22-MAY-US | B6: Backpack | C6: North Face | D6: =IF(ISBLANK('Oroginal Data Set'!D6),AVERAGE('Oroginal Data Set'!$D$2:$D$35),'Oroginal Data Set'!D6) -> 70 | E6: 20 | F6: =IF(ISBLANK('Oroginal Data Set'!F6),"UNKNOWN",'Oroginal Data Set'!F6) -> UNKNOWN | H6: =B5& " "&C5 -> smartphone Samsung | K6: =DATE(2026,1,LEFT(A5,2)) -> 46033 | L6: =_xlfn.TEXTAFTER(A5,"-",-1) -> US
A7: 07-JUN-UK | B7: Headphones | C7: Sony | D7: =IF(ISBLANK('Oroginal Data Set'!D7),AVERAGE('Oroginal Data Set'!$D$2:$D$35),'Oroginal Data Set'!D7) -> 309.35484 | E7: 45 | F7: =IF(ISBLANK('Oroginal Data Set'!F7),"UNKNOWN",'Oroginal Data Set'!F7) -> Electroni | H7: =B6& " "&C6 -> Backpack North Face | K7: =DATE(2026,1,LEFT(A6,2)) -> 46044 | L7: =_xlfn.TEXTAFTER(A6,"-",-1) -> US
A8: 19-JUL-UK | B8: T-shirt | C8: Adidas | D8: =IF(ISBLANK('Oroginal Data Set'!D8),AVERAGE('Oroginal Data Set'!$D$2:$D$35),'Oroginal Data Set'!D8) -> 30 | E8: 5 | F8: =IF(ISBLANK('Oroginal Data Set'!F8),"UNKNOWN",'Oroginal Data Set'!F8) -> Fashion | H8: =B7& " "&C7 -> Headphones Sony | K8: =DATE(2026,1,LEFT(A7,2)) -> 46029 | L8: =_xlfn.TEXTAFTER(A7,"-",-1) -> UK
A9: 23-AUG-UK | B9: Blender | C9: Ninja | D9: =IF(ISBLANK('Oroginal Data Set'!D9),AVERAGE('Oroginal Data Set'!$D$2:$D$35),'Oroginal Data Set'!D9) -> 90 | E9: 35 | F9: =IF(ISBLANK('Oroginal Data Set'!F9),"UNKNOWN",'Oroginal Data Set'!F9) -> Kitchen | H9: =B8& " "&C8 -> T-shirt Adidas | K9: =DATE(2026,1,LEFT(A8,2)) -> 46041 | L9: =_xlfn.TEXTAFTER(A8,"-",-1) -> UK
A10: 05-SEP-UK | B10: Tablet | C10: Apple | D10: =IF(ISBLANK('Oroginal Data Set'!D10),AVERAGE('Oroginal Data Set'!$D$2:$D$35),'Oroginal Data Set'!D10) -> 500 | E10: 50 | F10: =IF(ISBLANK('Oroginal Data Set'!F10),"UNKNOWN",'Oroginal Data Set'!F10) -> Electronics | H10: =B9& " "&C9 -> Blender Ninja | K10: =DATE(2026,1,LEFT(A9,2)) -> 46045 | L10: =_xlfn.TEXTAFTER(A9,"-",-1) -> UK
A11: 14-OCT-UK | B11: Hiking Boots | C11: Timberland | D11: =IF(ISBLANK('Oroginal Data Set'!D11),AVERAGE('Oroginal Data Set'!$D$2:$D$35),'Oroginal Data Set'!D11) -> 130 | E11: 10 | F11: =IF(ISBLANK('Oroginal Data Set'!F11),"UNKNOWN",'Oroginal Data Set'!F11) -> Outdoor | H11: =B10& " "&C10 -> Tablet Apple | K11: =DATE(2026,1,LEFT(A10,2)) -> 46027 | L11: =_xlfn.TEXTAFTER(A10,"-",-1) -> UK
A12: 17-JUN-IN | B12: Laptop | C12: HP | D12: =IF(ISBLANK('Oroginal Data Set'!D12),AVERAGE('Oroginal Data Set'!$D$2:$D$35),'Oroginal Data Set'!D12) -> 950 | E12: 25 | F12: =IF(ISBLANK('Oroginal Data Set'!F12),"UNKNOWN",'Oroginal Data Set'!F12) -> Electronics | H12: =B11& " "&C11 -> Hiking Boots Timberland | K12: =DATE(2026,1,LEFT(A11,2)) -> 46036 | L12: =_xlfn.TEXTAFTER(A11,"-",-1) -> UK
A13: 25-NOV-AU | B13: Sneakers | C13: Adidas | D13: =IF(ISBLANK('Oroginal Data Set'!D13),AVERAGE('Oroginal Data Set'!$D$2:$D$35),'Oroginal Data Set'!D13) -> 90 | E13: 40 | F13: =IF(ISBLANK('Oroginal Data Set'!F13),"UNKNOWN",'Oroginal Data Set'!F13) -> UNKNOWN | H13: =B12& " "&C12 -> Laptop HP | K13: =DATE(2026,1,LEFT(A12,2)) -> 46039 | L13: =_xlfn.TEXTAFTER(A12,"-",-1) -> IN
A14: 08-DEC-DE | B14: Coffee Maker | C14: Nespresso | D14: =IF(ISBLANK('Oroginal Data Set'!D14),AVERAGE('Oroginal Data Set'!$D$2:$D$35),'Oroginal Data Set'!D14) -> 120 | E14: 35 | F14: =IF(ISBLANK('Oroginal Data Set'!F14),"UNKNOWN",'Oroginal Data Set'!F14) -> UNKNOWN | H14: =B13& " "&C13 -> Sneakers Adidas | K14: =DATE(2026,1,LEFT(A13,2)) -> 46047 | L14: =_xlfn.TEXTAFTER(A13,"-",-1) -> AU
... A32: 09-JUL-FR | B32: Watch | C32: Casio | D32: =IF(ISBLANK('Oroginal Data Set'!D32),AVERAGE('Oroginal Data Set'!$D$2:$D$35),'Oroginal Data Set'!D32) -> 130 | E32: 20 | F32: =IF(ISBLANK('Oroginal Data Set'!F32),"UNKNOWN",'Oroginal Data Set'!F32) -> Electronics | H32: =B31& " "&C31 -> Jeans Levi's | K32: =DATE(2026,1,LEFT(A31,2)) -> 46024 | L32: =_xlfn.TEXTAFTER(A31,"-",-1) -> CA
H33: =B32& " "&C32 -> Watch Casio | K33: =DATE(2026,1,LEFT(A32,2)) -> 46031 | L33: =_xlfn.TEXTAFTER(A32,"-",-1) -> FR

Sheet About my Assignment 2 
A1: 1.As you said in class, using remove duplicate from data option I removed 3 duplicte files from this 35 files .
A3: 2.For impute the values in the table ,I use ISBLANK, inside the IF condition ,if the value is empty returns "UNKNOWN" else returns the same values.
A5: 3.Same as I did it in category column also
A7: 4.I get roundup values in the price column using decrease decimal option in home tab .
A9: 5.Using TEXTSPLIT function I splitting the data from PRODUT ID to "Manufacturing Date" and "Country Date"
A11: 6.Using CONCAT function I merging data in the PRODUCT NAME & BRAND NAME into one column named by "PRODUCT BRAND"
A13: 7.Using Currency Format I convert the "Price Column" into Currency format
A15: 8.From the Manufacturing Date column I changed the date,month,year
A17: 9.For conditional formatting I apply Data Bar to Price column.
A19: 10.Using custom rule for conditional formatting in the "Category" column to highlight cells where the category is "Electronics."
A20: (Home -> Conditional Formatting -> Highlight Cells Rules -> Text that Contains -> Category -> select Color -> Ok)
